Nome_do_Candidato,Resultado_da_Pesquisa,Mes,Instituto,Partido_do_Candidato,Ano_da_Eleicao,Brancos_Nulos,Indecisos
Dilma Rousseff,0.38,JUL,Datafolha,PT,2014,0.13,0.11
Aecio,0.2,JUL,Datafolha,PSDB,2014,0.13,0.11
Marina Silva,0.09,JUL,Datafolha,PSB,2014,0.13,0.11
Luciana,0.01,JUL,Datafolha,PSOL,2014,0.13,0.11
Eymael,0,JUL,Datafolha,PSDC,2014,0.13,0.11
Jose_Maria,0.02,JUL,Datafolha,PSTU,2014,0.13,0.11
Dilma Rousseff,0.36,JUL,Datafolha,PT,2014,0.13,0.14
Aecio,0.2,JUL,Datafolha,PSDB,2014,0.13,0.14
Marina Silva,0.08,JUL,Datafolha,PSB,2014,0.13,0.14
Luciana,0.01,JUL,Datafolha,PSOL,2014,0.13,0.14
Eymael,0.01,JUL,Datafolha,PSDC,2014,0.13,0.14
Jose_Maria,0.01,JUL,Datafolha,PSTU,2014,0.13,0.14
Dilma Rousseff,0.36,AGO,Datafolha,PT,2014,0.08,0.09
Aecio,0.2,AGO,Datafolha,PSDB,2014,0.08,0.09
Marina Silva,0.21,AGO,Datafolha,PSB,2014,0.08,0.09
Luciana,0,AGO,Datafolha,PSOL,2014,0.08,0.09
Eymael,0,AGO,Datafolha,PSDC,2014,0.08,0.09
Jose_Maria,0.01,AGO,Datafolha,PSTU,2014,0.08,0.09
Dilma Rousseff,0.35,AGO,Datafolha,PT,2014,0.06,0.07
Aecio,0.14,AGO,Datafolha,PSDB,2014,0.06,0.07
Marina Silva,0.34,AGO,Datafolha,PSB,2014,0.06,0.07
Luciana,0.01,AGO,Datafolha,PSOL,2014,0.06,0.07
Eymael,0,AGO,Datafolha,PSDC,2014,0.06,0.07
Jose_Maria,0.01,AGO,Datafolha,PSTU,2014,0.06,0.07
Dilma Rousseff,0.35,SET,Datafolha,PT,2014,0.06,0.07
Aecio,0.14,SET,Datafolha,PSDB,2014,0.06,0.07
Marina Silva,0.34,SET,Datafolha,PSB,2014,0.06,0.07
Luciana,0.01,SET,Datafolha,PSOL,2014,0.06,0.07
Eymael,0,SET,Datafolha,PSDC,2014,0.06,0.07
Jose_Maria,0.01,SET,Datafolha,PSTU,2014,0.06,0.07
Dilma Rousseff,0.36,SET,Datafolha,PT,2014,0.06,0.07
Aecio,0.15,SET,Datafolha,PSDB,2014,0.06,0.07
Marina Silva,0.33,SET,Datafolha,PSB,2014,0.06,0.07
Luciana,0.01,SET,Datafolha,PSOL,2014,0.06,0.07
Eymael,0,SET,Datafolha,PSDC,2014,0.06,0.07
Jose_Maria,0,SET,Datafolha,PSTU,2014,0.06,0.07
Dilma Rousseff,0.37,SET,Datafolha,PT,2014,0.06,0.07
Aecio,0.17,SET,Datafolha,PSDB,2014,0.06,0.07
Marina Silva,0.3,SET,Datafolha,PSB,2014,0.06,0.07
Luciana,0.1,SET,Datafolha,PSOL,2014,0.06,0.07
Eymael,0,SET,Datafolha,PSDC,2014,0.06,0.07
Jose_Maria,0,SET,Datafolha,PSTU,2014,0.06,0.07
Dilma Rousseff,0.4,SET,Datafolha,PT,2014,0.05,0.06
Aecio,0.18,SET,Datafolha,PSDB,2014,0.05,0.06
Marina Silva,0.27,SET,Datafolha,PSB,2014,0.05,0.06
Luciana,0.1,SET,Datafolha,PSOL,2014,0.05,0.06
Eymael,0,SET,Datafolha,PSDC,2014,0.05,0.06
Jose_Maria,0,SET,Datafolha,PSTU,2014,0.05,0.06
Dilma Rousseff,0.4,SET,Datafolha,PT,2014,0.05,0.05
Aecio,0.2,SET,Datafolha,PSDB,2014,0.05,0.05
Marina Silva,0.25,SET,Datafolha,PSB,2014,0.05,0.05
Luciana,0.01,SET,Datafolha,PSOL,2014,0.05,0.05
Eymael,0,SET,Datafolha,PSDC,2014,0.05,0.05
Jose_Maria,0,SET,Datafolha,PSTU,2014,0.05,0.05
Dilma Rousseff,0.4,OUT,Datafolha,PT,2014,0.05,0.05
Aecio,0.21,OUT,Datafolha,PSDB,2014,0.05,0.05
Marina Silva,0.24,OUT,Datafolha,PSB,2014,0.05,0.05
Luciana,0.01,OUT,Datafolha,PSOL,2014,0.05,0.05
Eymael,0,OUT,Datafolha,PSDC,2014,0.05,0.05
Jose_Maria,0,OUT,Datafolha,PSTU,2014,0.05,0.05
Dilma Rousseff,0.4,OUT,Datafolha,PT,2014,0.04,0.05
Aecio,0.24,OUT,Datafolha,PSDB,2014,0.04,0.05
Marina Silva,0.22,OUT,Datafolha,PSB,2014,0.04,0.05
Luciana,0.01,OUT,Datafolha,PSOL,2014,0.04,0.05
Eymael,0,OUT,Datafolha,PSDC,2014,0.04,0.05
Jose_Maria,0,OUT,Datafolha,PSTU,2014,0.04,0.05
Dilma Rousseff,0.38,JUL,IBOPE,PT,2014,0.16,0.09
Aecio,0.22,JUL,IBOPE,PSDB,2014,0.16,0.09
Marina Silva,0.08,JUL,IBOPE,PSB,2014,0.16,0.09
Luciana,0.01,JUL,IBOPE,PSOL,2014,0.16,0.09
Eymael,0,JUL,IBOPE,PSDC,2014,0.16,0.09
Jose_Maria,0.01,JUL,IBOPE,PSTU,2014,0.16,0.09
Dilma Rousseff,0.38,AGO,IBOPE,PT,2014,0.13,0.11
Aecio,0.23,AGO,IBOPE,PSDB,2014,0.13,0.11
Marina Silva,0.09,AGO,IBOPE,PSB,2014,0.13,0.11
Luciana,0.01,AGO,IBOPE,PSOL,2014,0.13,0.11
Eymael,0,AGO,IBOPE,PSDC,2014,0.13,0.11
Jose_Maria,0,AGO,IBOPE,PSTU,2014,0.13,0.11
Dilma Rousseff,0.34,AGO,IBOPE,PT,2014,0.07,0.08
Aecio,0.19,AGO,IBOPE,PSDB,2014,0.07,0.08
Marina Silva,0.29,AGO,IBOPE,PSB,2014,0.07,0.08
Luciana,0.01,AGO,IBOPE,PSOL,2014,0.07,0.08
Eymael,0,AGO,IBOPE,PSDC,2014,0.07,0.08
Jose_Maria,0,AGO,IBOPE,PSTU,2014,0.07,0.08
Dilma Rousseff,0.37,SET,IBOPE,PT,2014,0.07,0.05
Aecio,0.15,SET,IBOPE,PSDB,2014,0.07,0.05
Marina Silva,0.33,SET,IBOPE,PSB,2014,0.07,0.05
Luciana,0,SET,IBOPE,PSOL,2014,0.07,0.05
Eymael,0,SET,IBOPE,PSDC,2014,0.07,0.05
Jose_Maria,0,SET,IBOPE,PSTU,2014,0.07,0.05
Dilma Rousseff,0.39,SET,IBOPE,PT,2014,0.08,0.05
Aecio,0.15,SET,IBOPE,PSDB,2014,0.08,0.05
Marina Silva,0.31,SET,IBOPE,PSB,2014,0.08,0.05
Luciana,0,SET,IBOPE,PSOL,2014,0.08,0.05
Eymael,0,SET,IBOPE,PSDC,2014,0.08,0.05
Jose_Maria,0,SET,IBOPE,PSTU,2014,0.08,0.05
Dilma Rousseff,0.36,SET,IBOPE,PT,2014,0.07,0.06
Aecio,0.19,SET,IBOPE,PSDB,2014,0.07,0.06
Marina Silva,0.3,SET,IBOPE,PSB,2014,0.07,0.06
Luciana,0,SET,IBOPE,PSOL,2014,0.07,0.06
Eymael,0,SET,IBOPE,PSDC,2014,0.07,0.06
Jose_Maria,0,SET,IBOPE,PSTU,2014,0.07,0.06
Dilma Rousseff,0.38,SET,IBOPE,PT,2014,0.07,0.05
Aecio,0.19,SET,IBOPE,PSDB,2014,0.07,0.05
Marina Silva,0.29,SET,IBOPE,PSB,2014,0.07,0.05
Luciana,0.01,SET,IBOPE,PSOL,2014,0.07,0.05
Eymael,0.01,SET,IBOPE,PSDC,2014,0.07,0.05
Jose_Maria,0.01,SET,IBOPE,PSTU,2014,0.07,0.05
Dilma Rousseff,0.39,SET,IBOPE,PT,2014,0.07,0.07
Aecio,0.19,SET,IBOPE,PSDB,2014,0.07,0.07
Marina Silva,0.25,SET,IBOPE,PSB,2014,0.07,0.07
Luciana,0.01,SET,IBOPE,PSOL,2014,0.07,0.07
Eymael,0,SET,IBOPE,PSDC,2014,0.07,0.07
Jose_Maria,0,SET,IBOPE,PSTU,2014,0.07,0.07
Dilma Rousseff,0.4,OUT,IBOPE,PT,2014,0.08,0.07
Aecio,0.19,OUT,IBOPE,PSDB,2014,0.08,0.07
Marina Silva,0.24,OUT,IBOPE,PSB,2014,0.08,0.07
Luciana,0.01,OUT,IBOPE,PSOL,2014,0.08,0.07
Eymael,0,OUT,IBOPE,PSDC,2014,0.08,0.07
Jose_Maria,0,OUT,IBOPE,PSTU,2014,0.08,0.07
Dilma Rousseff,0.4,OUT,IBOPE,PT,2014,0.07,0.05
Aecio,0.24,OUT,IBOPE,PSDB,2014,0.07,0.05
Marina Silva,0.21,OUT,IBOPE,PSB,2014,0.07,0.05
Luciana,0.01,OUT,IBOPE,PSOL,2014,0.07,0.05
Eymael,0,OUT,IBOPE,PSDC,2014,0.07,0.05
Jose_Maria,0,OUT,IBOPE,PSTU,2014,0.07,0.05
José Serra,0.35,MAI,Vox Populi,PSDB,2010,,0.22
Dilma Rousseff,0.38,MAI,Vox Populi,PT,2010,,0.22
Ciro Gomes,0,MAI,Vox Populi,PDT12,2010,,0.22
Heloísa Helena,0,MAI,Vox Populi,PSOL,2010,,0.22
Marina Silva,0.07,MAI,Vox Populi,PV,2010,,0.22
José Serra,"332,000",MAI,Sensus,PSDB,2010,,173
Dilma Rousseff,357,MAI,Sensus,PT,2010,,173
Ciro Gomes,0,MAI,Sensus,PDT12,2010,,173
Heloísa Helena,0,MAI,Sensus,PSOL,2010,,173
Marina Silva,0.08,MAI,Sensus,PV,2010,,173
José Serra,0.37,MAI,Datafolha,PSDB,2010,,0.14
Dilma Rousseff,0.37,MAI,Datafolha,PT,2010,,0.14
Ciro Gomes,0,MAI,Datafolha,PDT12,2010,,0.14
Heloísa Helena,0,MAI,Datafolha,PSOL,2010,,0.14
Marina Silva,0.12,MAI,Datafolha,PV,2010,,0.14
José Serra,0.37,JUN,IBOPE,PSDB,2010,,0.17
Dilma Rousseff,0.37,JUN,IBOPE,PT,2010,,0.17
Ciro Gomes,0,JUN,IBOPE,PDT12,2010,,0.17
Heloísa Helena,0,JUN,IBOPE,PSOL,2010,,0.17
Marina Silva,0.09,JUN,IBOPE,PV,2010,,0.17
José Serra,0.35,JUN,IBOPE,PSDB,2010,,0.16
Dilma Rousseff,0.4,JUN,IBOPE,PT,2010,,0.16
Ciro Gomes,0,JUN,IBOPE,PDT12,2010,,0.16
Heloísa Helena,0,JUN,IBOPE,PSOL,2010,,0.16
Marina Silva,0.09,JUN,IBOPE,PV,2010,,0.16
José Serra,0.35,JUN,Vox Populi,PSDB,2010,,0.17
Dilma Rousseff,0.4,JUN,Vox Populi,PT,2010,,0.17
Ciro Gomes,0,JUN,Vox Populi,PDT12,2010,,0.17
Heloísa Helena,0,JUN,Vox Populi,PSOL,2010,,0.17
Marina Silva,0.08,JUN,Vox Populi,PV,2010,,0.17
José Serra,0.39,JUN,IBOPE,PSDB,2010,,0.13
Dilma Rousseff,0.39,JUN,IBOPE,PT,2010,,0.13
Ciro Gomes,0,JUN,IBOPE,PDT12,2010,,0.13
Heloísa Helena,0,JUN,IBOPE,PSOL,2010,,0.13
Marina Silva,0.1,JUN,IBOPE,PV,2010,,0.13
José Serra,0.39,JUL,Datafolha,PSDB,2010,,0.12
Dilma Rousseff,0.38,JUL,Datafolha,PT,2010,,0.12
Ciro Gomes,0,JUL,Datafolha,PDT12,2010,,0.12
Heloísa Helena,0,JUL,Datafolha,PSOL,2010,,0.12
Marina Silva,0.1,JUL,Datafolha,PV,2010,,0.12
José Serra,0.33,JUL,Vox Populi,PSDB,2010,,0.17
Dilma Rousseff,0.41,JUL,Vox Populi,PT,2010,,0.17
Ciro Gomes,0,JUL,Vox Populi,PDT12,2010,,0.17
Heloísa Helena,0,JUL,Vox Populi,PSOL,2010,,0.17
Marina Silva,0.08,JUL,Vox Populi,PV,2010,,0.17
José Serra,0.37,JUL,Datafolha,PSDB,2010,,0.17
Dilma Rousseff,0.36,JUL,Datafolha,PT,2010,,0.17
Ciro Gomes,0,JUL,Datafolha,PDT12,2010,,0.17
Heloísa Helena,0,JUL,Datafolha,PSOL,2010,,0.17
Marina Silva,0.1,JUL,Datafolha,PV,2010,,0.17
José Serra,0.34,JUL,Vox Populi,PSDB,2010,,0.19
Dilma Rousseff,0.39,JUL,Vox Populi,PT,2010,,0.19
Ciro Gomes,0,JUL,Vox Populi,PDT12,2010,,0.19
Heloísa Helena,0,JUL,Vox Populi,PSOL,2010,,0.19
Marina Silva,0.07,JUL,Vox Populi,PV,2010,,0.19
José Serra,316,AGO,Sensus,PSDB,2010,,183
Dilma Rousseff,416,AGO,Sensus,PT,2010,,183
Ciro Gomes,0,AGO,Sensus,PDT12,2010,,183
Heloísa Helena,0,AGO,Sensus,PSOL,2010,,183
Marina Silva,85,AGO,Sensus,PV,2010,,183
José Serra,0.34,AGO,IBOPE,PSDB,2010,,0.19
Dilma Rousseff,0.39,AGO,IBOPE,PT,2010,,0.19
Ciro Gomes,0,AGO,IBOPE,PDT12,2010,,0.19
Heloísa Helena,0,AGO,IBOPE,PSOL,2010,,0.19
Marina Silva,0.08,AGO,IBOPE,PV,2010,,0.19
José Serra,0.29,AGO,Vox Populi,PSDB,2010,,0.18
Dilma Rousseff,0.45,AGO,Vox Populi,PT,2010,,0.18
Ciro Gomes,0,AGO,Vox Populi,PDT12,2010,,0.18
Heloísa Helena,0,AGO,Vox Populi,PSOL,2010,,0.18
Marina Silva,0.08,AGO,Vox Populi,PV,2010,,0.18
José Serra,0.33,AGO,Datafolha,PSDB,2010,,0.16
Dilma Rousseff,0.41,AGO,Datafolha,PT,2010,,0.16
Ciro Gomes,0,AGO,Datafolha,PDT12,2010,,0.16
Heloísa Helena,0,AGO,Datafolha,PSOL,2010,,0.16
Marina Silva,0.1,AGO,Datafolha,PV,2010,,0.16
José Serra,0.32,AGO,IBOPE,PSDB,2010,,0.17
Dilma Rousseff,0.43,AGO,IBOPE,PT,2010,,0.17
Ciro Gomes,0,AGO,IBOPE,PDT12,2010,,0.17
Heloísa Helena,0,AGO,IBOPE,PSOL,2010,,0.17
Marina Silva,0.08,AGO,IBOPE,PV,2010,,0.17
José Serra,0.3,AGO,Datafolha,PSDB,2010,,0.14
Dilma Rousseff,0.47,AGO,Datafolha,PT,2010,,0.14
Ciro Gomes,0,AGO,Datafolha,PDT12,2010,,0.14
Heloísa Helena,0,AGO,Datafolha,PSOL,2010,,0.14
Marina Silva,0.09,AGO,Datafolha,PV,2010,,0.14
José Serra,281,AGO,Sensus,PSDB,2010,,178
Dilma Rousseff,0.46,AGO,Sensus,PT,2010,,178
Ciro Gomes,0,AGO,Sensus,PDT12,2010,,178
Heloísa Helena,0,AGO,Sensus,PSOL,2010,,178
Marina Silva,81,AGO,Sensus,PV,2010,,178
José Serra,0.29,AGO,Datafolha,PSDB,2010,,0.13
Dilma Rousseff,0.49,AGO,Datafolha,PT,2010,,0.13
Ciro Gomes,0,AGO,Datafolha,PDT12,2010,,0.13
Heloísa Helena,0,AGO,Datafolha,PSOL,2010,,0.13
Marina Silva,0.09,AGO,Datafolha,PV,2010,,0.13
José Serra,0.27,AGO,IBOPE,PSDB,2010,,0.15
Dilma Rousseff,0.51,AGO,IBOPE,PT,2010,,0.15
Ciro Gomes,0,AGO,IBOPE,PDT12,2010,,0.15
Heloísa Helena,0,AGO,IBOPE,PSOL,2010,,0.15
Marina Silva,0.07,AGO,IBOPE,PV,2010,,0.15
José Serra,0.27,SET,IBOPE,PSDB,2010,,0.14
Dilma Rousseff,0.51,SET,IBOPE,PT,2010,,0.14
Ciro Gomes,0,SET,IBOPE,PDT12,2010,,0.14
Heloísa Helena,0,SET,IBOPE,PSOL,2010,,0.14
Marina Silva,0.08,SET,IBOPE,PV,2010,,0.14
José Serra,0.25,SET,Vox Populi,PSDB,2010,,0.15
Dilma Rousseff,0.51,SET,Vox Populi,PT,2010,,0.15
Ciro Gomes,0,SET,Vox Populi,PDT12,2010,,0.15
Heloísa Helena,0,SET,Vox Populi,PSOL,2010,,0.15
Marina Silva,0.09,SET,Vox Populi,PV,2010,,0.15
José Serra,0.24,SET,Vox Populi,PSDB,2010,,0.16
Dilma Rousseff,0.52,SET,Vox Populi,PT,2010,,0.16
Ciro Gomes,0,SET,Vox Populi,PDT12,2010,,0.16
Heloísa Helena,0,SET,Vox Populi,PSOL,2010,,0.16
Marina Silva,0.08,SET,Vox Populi,PV,2010,,0.16
José Serra,0.28,SET,Datafolha,PSDB,2010,,0.12
Dilma Rousseff,0.5,SET,Datafolha,PT,2010,,0.12
Ciro Gomes,0,SET,Datafolha,PDT12,2010,,0.12
Heloísa Helena,0,SET,Datafolha,PSOL,2010,,0.12
Marina Silva,0.1,SET,Datafolha,PV,2010,,0.12
José Serra,0.24,SET,Vox Populi,PSDB,2010,,0.15
Dilma Rousseff,0.53,SET,Vox Populi,PT,2010,,0.15
Ciro Gomes,0,SET,Vox Populi,PDT12,2010,,0.15
Heloísa Helena,0,SET,Vox Populi,PSOL,2010,,0.15
Marina Silva,0.08,SET,Vox Populi,PV,2010,,0.15
José Serra,0.24,SET,Vox Populi,PSDB,2010,,0.15
Dilma Rousseff,0.53,SET,Vox Populi,PT,2010,,0.15
Ciro Gomes,0,SET,Vox Populi,PDT12,2010,,0.15
Heloísa Helena,0,SET,Vox Populi,PSOL,2010,,0.15
Marina Silva,0.08,SET,Vox Populi,PV,2010,,0.15
José Serra,0.24,SET,Vox Populi,PSDB,2010,,0.15
Dilma Rousseff,0.53,SET,Vox Populi,PT,2010,,0.15
Ciro Gomes,0,SET,Vox Populi,PDT12,2010,,0.15
Heloísa Helena,0,SET,Vox Populi,PSOL,2010,,0.15
Marina Silva,0.08,SET,Vox Populi,PV,2010,,0.15
José Serra,0.22,SET,Vox Populi,PSDB,2010,,0.15
Dilma Rousseff,0.55,SET,Vox Populi,PT,2010,,0.15
Ciro Gomes,0,SET,Vox Populi,PDT12,2010,,0.15
Heloísa Helena,0,SET,Vox Populi,PSOL,2010,,0.15
Marina Silva,0.08,SET,Vox Populi,PV,2010,,0.15
José Serra,0.21,SET,Vox Populi,PSDB,2010,,0.15
Dilma Rousseff,0.56,SET,Vox Populi,PT,2010,,0.15
Ciro Gomes,0,SET,Vox Populi,PDT12,2010,,0.15
Heloísa Helena,0,SET,Vox Populi,PSOL,2010,,0.15
Marina Silva,0.08,SET,Vox Populi,PV,2010,,0.15
José Serra,0.21,SET,Vox Populi,PSDB,2010,,0.15
Dilma Rousseff,0.54,SET,Vox Populi,PT,2010,,0.15
Ciro Gomes,0,SET,Vox Populi,PDT12,2010,,0.15
Heloísa Helena,0,SET,Vox Populi,PSOL,2010,,0.15
Marina Silva,0.09,SET,Vox Populi,PV,2010,,0.15
José Serra,0.27,SET,Datafolha,PSDB,2010,,0.12
Dilma Rousseff,0.5,SET,Datafolha,PT,2010,,0.12
Ciro Gomes,0,SET,Datafolha,PDT12,2010,,0.12
Heloísa Helena,0,SET,Datafolha,PSOL,2010,,0.12
Marina Silva,0.11,SET,Datafolha,PV,2010,,0.12
José Serra,0.21,SET,Vox Populi,PSDB,2010,,0.17
Dilma Rousseff,0.53,SET,Vox Populi,PT,2010,,0.17
Ciro Gomes,0,SET,Vox Populi,PDT12,2010,,0.17
Heloísa Helena,0,SET,Vox Populi,PSOL,2010,,0.17
Marina Silva,0.09,SET,Vox Populi,PV,2010,,0.17
José Serra,0.22,SET,Vox Populi,PSDB,2010,,0.16
Dilma Rousseff,0.53,SET,Vox Populi,PT,2010,,0.16
Ciro Gomes,0,SET,Vox Populi,PDT12,2010,,0.16
Heloísa Helena,0,SET,Vox Populi,PSOL,2010,,0.16
Marina Silva,0.09,SET,Vox Populi,PV,2010,,0.16
José Serra,264,SET,Sensus,PSDB,2010,,142
Dilma Rousseff,505,SET,Sensus,PT,2010,,142
Ciro Gomes,0,SET,Sensus,PDT12,2010,,142
Heloísa Helena,0,SET,Sensus,PSOL,2010,,142
Marina Silva,89,SET,Sensus,PV,2010,,142
José Serra,0.23,SET,Vox Populi,PSDB,2010,,0.16
Dilma Rousseff,0.52,SET,Vox Populi,PT,2010,,0.16
Ciro Gomes,0,SET,Vox Populi,PDT12,2010,,0.16
Heloísa Helena,0,SET,Vox Populi,PSOL,2010,,0.16
Marina Silva,0.09,SET,Vox Populi,PV,2010,,0.16
José Serra,0.23,SET,Vox Populi,PSDB,2010,,0.15
Dilma Rousseff,0.53,SET,Vox Populi,PT,2010,,0.15
Ciro Gomes,0,SET,Vox Populi,PDT12,2010,,0.15
Heloísa Helena,0,SET,Vox Populi,PSOL,2010,,0.15
Marina Silva,0.09,SET,Vox Populi,PV,2010,,0.15
José Serra,0.22,SET,Vox Populi,PSDB,2010,,0.16
Dilma Rousseff,0.54,SET,Vox Populi,PT,2010,,0.16
Ciro Gomes,0,SET,Vox Populi,PDT12,2010,,0.16
Heloísa Helena,0,SET,Vox Populi,PSOL,2010,,0.16
Marina Silva,0.08,SET,Vox Populi,PV,2010,,0.16
José Serra,0.27,SET,Datafolha,PSDB,2010,,0.11
Dilma Rousseff,0.51,SET,Datafolha,PT,2010,,0.11
Ciro Gomes,0,SET,Datafolha,PDT12,2010,,0.11
Heloísa Helena,0,SET,Datafolha,PSOL,2010,,0.11
Marina Silva,0.11,SET,Datafolha,PV,2010,,0.11
José Serra,0.22,SET,Vox Populi,PSDB,2010,,0.17
Dilma Rousseff,0.53,SET,Vox Populi,PT,2010,,0.17
Ciro Gomes,0,SET,Vox Populi,PDT12,2010,,0.17
Heloísa Helena,0,SET,Vox Populi,PSOL,2010,,0.17
Marina Silva,0.08,SET,Vox Populi,PV,2010,,0.17
José Serra,0.25,SET,IBOPE,PSDB,2010,,0.13
Dilma Rousseff,0.51,SET,IBOPE,PT,2010,,0.13
Ciro Gomes,0,SET,IBOPE,PDT12,2010,,0.13
Heloísa Helena,0,SET,IBOPE,PSOL,2010,,0.13
Marina Silva,0.11,SET,IBOPE,PV,2010,,0.13
José Serra,0.22,SET,Vox Populi,PSDB,2010,,0.17
Dilma Rousseff,0.52,SET,Vox Populi,PT,2010,,0.17
Ciro Gomes,0,SET,Vox Populi,PDT12,2010,,0.17
Heloísa Helena,0,SET,Vox Populi,PSOL,2010,,0.17
Marina Silva,0.09,SET,Vox Populi,PV,2010,,0.17
José Serra,0.23,SET,Vox Populi,PSDB,2010,,0.17
Dilma Rousseff,0.51,SET,Vox Populi,PT,2010,,0.17
Ciro Gomes,0,SET,Vox Populi,PDT12,2010,,0.17
Heloísa Helena,0,SET,Vox Populi,PSOL,2010,,0.17
Marina Silva,0.09,SET,Vox Populi,PV,2010,,0.17
José Serra,0.23,SET,Vox Populi,PSDB,2010,,0.17
Dilma Rousseff,0.51,SET,Vox Populi,PT,2010,,0.17
Ciro Gomes,0,SET,Vox Populi,PDT12,2010,,0.17
Heloísa Helena,0,SET,Vox Populi,PSOL,2010,,0.17
Marina Silva,0.09,SET,Vox Populi,PV,2010,,0.17
José Serra,0.24,SET,Vox Populi,PSDB,2010,,0.16
Dilma Rousseff,0.51,SET,Vox Populi,PT,2010,,0.16
Ciro Gomes,0,SET,Vox Populi,PDT12,2010,,0.16
Heloísa Helena,0,SET,Vox Populi,PSOL,2010,,0.16
Marina Silva,0.09,SET,Vox Populi,PV,2010,,0.16
José Serra,0.24,SET,Vox Populi,PSDB,2010,,0.14
Dilma Rousseff,0.53,SET,Vox Populi,PT,2010,,0.14
Ciro Gomes,0,SET,Vox Populi,PDT12,2010,,0.14
Heloísa Helena,0,SET,Vox Populi,PSOL,2010,,0.14
Marina Silva,0.09,SET,Vox Populi,PV,2010,,0.14
José Serra,0.23,SET,Vox Populi,PSDB,2010,,0.15
Dilma Rousseff,0.53,SET,Vox Populi,PT,2010,,0.15
Ciro Gomes,0,SET,Vox Populi,PDT12,2010,,0.15
Heloísa Helena,0,SET,Vox Populi,PSOL,2010,,0.15
Marina Silva,0.09,SET,Vox Populi,PV,2010,,0.15
José Serra,0.25,SET,Vox Populi,PSDB,2010,,0.14
Dilma Rousseff,0.52,SET,Vox Populi,PT,2010,,0.14
Ciro Gomes,0,SET,Vox Populi,PDT12,2010,,0.14
Heloísa Helena,0,SET,Vox Populi,PSOL,2010,,0.14
Marina Silva,0.09,SET,Vox Populi,PV,2010,,0.14
José Serra,0.28,SET,Datafolha,PSDB,2010,,0.1
Dilma Rousseff,0.49,SET,Datafolha,PT,2010,,0.1
Ciro Gomes,0,SET,Datafolha,PDT12,2010,,0.1
Heloísa Helena,0,SET,Datafolha,PSOL,2010,,0.1
Marina Silva,0.13,SET,Datafolha,PV,2010,,0.1
José Serra,0.28,SET,IBOPE,PSDB,2010,,0.1
Dilma Rousseff,0.5,SET,IBOPE,PT,2010,,0.1
Ciro Gomes,0,SET,IBOPE,PDT12,2010,,0.1
Heloísa Helena,0,SET,IBOPE,PSOL,2010,,0.1
Marina Silva,0.12,SET,IBOPE,PV,2010,,0.1
José Serra,0.24,SET,Vox Populi,PSDB,2010,,0.15
Dilma Rousseff,0.51,SET,Vox Populi,PT,2010,,0.15
Ciro Gomes,0,SET,Vox Populi,PDT12,2010,,0.15
Heloísa Helena,0,SET,Vox Populi,PSOL,2010,,0.15
Marina Silva,0.1,SET,Vox Populi,PV,2010,,0.15
José Serra,0.24,SET,Vox Populi,PSDB,2010,,0.15
Dilma Rousseff,0.51,SET,Vox Populi,PT,2010,,0.15
Ciro Gomes,0,SET,Vox Populi,PDT12,2010,,0.15
Heloísa Helena,0,SET,Vox Populi,PSOL,2010,,0.15
Marina Silva,0.1,SET,Vox Populi,PV,2010,,0.15
José Serra,0.24,SET,Vox Populi,PSDB,2010,,0.16
Dilma Rousseff,0.5,SET,Vox Populi,PT,2010,,0.16
Ciro Gomes,0,SET,Vox Populi,PDT12,2010,,0.16
Heloísa Helena,0,SET,Vox Populi,PSOL,2010,,0.16
Marina Silva,0.1,SET,Vox Populi,PV,2010,,0.16
José Serra,0.23,SET,Vox Populi,PSDB,2010,,0.16
Dilma Rousseff,0.5,SET,Vox Populi,PT,2010,,0.16
Ciro Gomes,0,SET,Vox Populi,PDT12,2010,,0.16
Heloísa Helena,0,SET,Vox Populi,PSOL,2010,,0.16
Marina Silva,0.11,SET,Vox Populi,PV,2010,,0.16
José Serra,0.27,SET,IBOPE,PSDB,2010,,0.1
Dilma Rousseff,0.5,SET,IBOPE,PT,2010,,0.1
Ciro Gomes,0,SET,IBOPE,PDT12,2010,,0.1
Heloísa Helena,0,SET,IBOPE,PSOL,2010,,0.1
Marina Silva,0.13,SET,IBOPE,PV,2010,,0.1
José Serra,0.24,SET,Vox Populi,PSDB,2010,,0.15
Dilma Rousseff,0.49,SET,Vox Populi,PT,2010,,0.15
Ciro Gomes,0,SET,Vox Populi,PDT12,2010,,0.15
Heloísa Helena,0,SET,Vox Populi,PSOL,2010,,0.15
Marina Silva,0.12,SET,Vox Populi,PV,2010,,0.15
José Serra,256,SET,Sensus,PSDB,2010,,153
Dilma Rousseff,475,SET,Sensus,PT,2010,,153
Ciro Gomes,0,SET,Sensus,PDT12,2010,,153
Heloísa Helena,0,SET,Sensus,PSOL,2010,,153
Marina Silva,116,SET,Sensus,PV,2010,,153
José Serra,0.24,SET,Vox Populi,PSDB,2010,,0.14
Dilma Rousseff,0.49,SET,Vox Populi,PT,2010,,0.14
Ciro Gomes,0,SET,Vox Populi,PDT12,2010,,0.14
Heloísa Helena,0,SET,Vox Populi,PSOL,2010,,0.14
Marina Silva,0.13,SET,Vox Populi,PV,2010,,0.14
José Serra,0.28,SET,Datafolha,PSDB,2010,,0.12
Dilma Rousseff,0.46,SET,Datafolha,PT,2010,,0.12
Ciro Gomes,0,SET,Datafolha,PDT12,2010,,0.12
Heloísa Helena,0,SET,Datafolha,PSOL,2010,,0.12
Marina Silva,0.14,SET,Datafolha,PV,2010,,0.12
José Serra,0.25,SET,Vox Populi,PSDB,2010,,0.14
Dilma Rousseff,0.49,SET,Vox Populi,PT,2010,,0.14
Ciro Gomes,0,SET,Vox Populi,PDT12,2010,,0.14
Heloísa Helena,0,SET,Vox Populi,PSOL,2010,,0.14
Marina Silva,0.12,SET,Vox Populi,PV,2010,,0.14
José Serra,0.28,SET,Datafolha,PSDB,2010,,0.11
Dilma Rousseff,0.47,SET,Datafolha,PT,2010,,0.11
Ciro Gomes,0,SET,Datafolha,PDT12,2010,,0.11
Heloísa Helena,0,SET,Datafolha,PSOL,2010,,0.11
Marina Silva,0.14,SET,Datafolha,PV,2010,,0.11
José Serra,0.26,SET,Vox Populi,PSDB,2010,,0.13
Dilma Rousseff,0.49,SET,Vox Populi,PT,2010,,0.13
Ciro Gomes,0,SET,Vox Populi,PDT12,2010,,0.13
Heloísa Helena,0,SET,Vox Populi,PSOL,2010,,0.13
Marina Silva,0.12,SET,Vox Populi,PV,2010,,0.13
José Serra,0.26,SET,Vox Populi,PSDB,2010,,0.13
Dilma Rousseff,0.49,SET,Vox Populi,PT,2010,,0.13
Ciro Gomes,0,SET,Vox Populi,PDT12,2010,,0.13
Heloísa Helena,0,SET,Vox Populi,PSOL,2010,,0.13
Marina Silva,0.12,SET,Vox Populi,PV,2010,,0.13
José Serra,0.27,OUT,Vox Populi,PSDB,2010,,0.13
Dilma Rousseff,0.48,OUT,Vox Populi,PT,2010,,0.13
Ciro Gomes,0,OUT,Vox Populi,PDT12,2010,,0.13
Heloísa Helena,0,OUT,Vox Populi,PSOL,2010,,0.13
Marina Silva,0.12,OUT,Vox Populi,PV,2010,,0.13
José Serra,0.34,JAN,Vox Populi,PSDB,2010,,0.19
Dilma Rousseff,0.27,JAN,Vox Populi,PT,2010,,0.19
Ciro Gomes,0,JAN,Vox Populi,PDT12,2010,,0.19
Heloísa Helena,0.11,JAN,Vox Populi,PSOL,2010,,0.19
Marina Silva,0.09,JAN,Vox Populi,PV,2010,,0.19
José Serra,332,JAN,Sensus,PSDB,2010,,203
Dilma Rousseff,278,JAN,Sensus,PT,2010,,203
Ciro Gomes,0,JAN,Sensus,PDT12,2010,,203
Heloísa Helena,119,JAN,Sensus,PSOL,2010,,203
Marina Silva,68,JAN,Sensus,PV,2010,,203
José Serra,0.36,FEV,IBOPE,PSDB,2010,,0.2
Dilma Rousseff,0.25,FEV,IBOPE,PT,2010,,0.2
Ciro Gomes,0,FEV,IBOPE,PDT12,2010,,0.2
Heloísa Helena,0.11,FEV,IBOPE,PSOL,2010,,0.2
Marina Silva,0.08,FEV,IBOPE,PV,2010,,0.2
José Serra,0.32,FEV,Datafolha,PSDB,2010,,0.19
Dilma Rousseff,0.28,FEV,Datafolha,PT,2010,,0.19
Ciro Gomes,0,FEV,Datafolha,PDT12,2010,,0.19
Heloísa Helena,0.11,FEV,Datafolha,PSOL,2010,,0.19
Marina Silva,0.08,FEV,Datafolha,PV,2010,,0.19
José Serra,0.35,MAR,IBOPE,PSDB,2010,,0.18
Dilma Rousseff,0.3,MAR,IBOPE,PT,2010,,0.18
Ciro Gomes,0,MAR,IBOPE,PDT12,2010,,0.18
Heloísa Helena,0.11,MAR,IBOPE,PSOL,2010,,0.18
Marina Silva,0.06,MAR,IBOPE,PV,2010,,0.18
José Serra,0.36,MAR,Datafolha,PSDB,2010,,0.18
Dilma Rousseff,0.27,MAR,Datafolha,PT,2010,,0.18
Ciro Gomes,0,MAR,Datafolha,PDT12,2010,,0.18
Heloísa Helena,0.11,MAR,Datafolha,PSOL,2010,,0.18
Marina Silva,0.08,MAR,Datafolha,PV,2010,,0.18
José Serra,0.34,MAR,Vox Populi,PSDB,2010,,0.2
Dilma Rousseff,0.31,MAR,Vox Populi,PT,2010,,0.2
Ciro Gomes,0,MAR,Vox Populi,PDT12,2010,,0.2
Heloísa Helena,0.1,MAR,Vox Populi,PSOL,2010,,0.2
Marina Silva,0.05,MAR,Vox Populi,PV,2010,,0.2
José Serra,327,ABR,Sensus,PSDB,2010,,167
Dilma Rousseff,324,ABR,Sensus,PT,2010,,167
Ciro Gomes,0,ABR,Sensus,PDT12,2010,,167
Heloísa Helena,101,ABR,Sensus,PSOL,2010,,167
Marina Silva,81,ABR,Sensus,PV,2010,,167
José Serra,0.36,ABR,IBOPE,PSDB,2010,,0.19
Dilma Rousseff,0.29,ABR,IBOPE,PT,2010,,0.19
Ciro Gomes,0,ABR,IBOPE,PDT12,2010,,0.19
Heloísa Helena,0.08,ABR,IBOPE,PSOL,2010,,0.19
Marina Silva,0.08,ABR,IBOPE,PV,2010,,0.19
José Serra,0.38,ABR,Datafolha,PSDB,2010,,0.15
Dilma Rousseff,0.28,ABR,Datafolha,PT,2010,,0.15
Ciro Gomes,0,ABR,Datafolha,PDT12,2010,,0.15
Heloísa Helena,0.09,ABR,Datafolha,PSOL,2010,,0.15
Marina Silva,0.1,ABR,Datafolha,PV,2010,,0.15
Lula,0.37,OUT,Datafolha,PT,2002,0.02,0.26
José Serra,0.13,OUT,Datafolha,PSDB,2002,0.02,0.26
Anthony Garotinho,0.12,OUT,Datafolha,PSB,2002,0.02,0.26
Ciro Gomes,0.08,OUT,Datafolha,PPS,2002,0.02,0.26
FHC,0,OUT,Datafolha,PSDB,2002,0.02,0.26
Roseana Sarney,0,OUT,Datafolha,PFL,2002,0.02,0.26
Itamar Franco,0,OUT,Datafolha,PMDB,2002,0.02,0.26
Eneás,0,OUT,Datafolha,Prona,2002,0.02,0.26
Lula,0.36,SET,IBOPE,PT,2002,0.03,0.27
José Serra,0.13,SET,IBOPE,PSDB,2002,0.03,0.27
Anthony Garotinho,0.12,SET,IBOPE,PSB,2002,0.03,0.27
Ciro Gomes,0.09,SET,IBOPE,PPS,2002,0.03,0.27
FHC,0,SET,IBOPE,PSDB,2002,0.03,0.27
Roseana Sarney,0,SET,IBOPE,PFL,2002,0.03,0.27
Itamar Franco,0,SET,IBOPE,PMDB,2002,0.03,0.27
Eneás,0,SET,IBOPE,Prona,2002,0.03,0.27
Lula,341,SET,Sensus,PT,2002,0.08,299
José Serra,145,SET,Sensus,PSDB,2002,0.08,299
Anthony Garotinho,114,SET,Sensus,PSB,2002,0.08,299
Ciro Gomes,95,SET,Sensus,PPS,2002,0.08,299
FHC,0,SET,Sensus,PSDB,2002,0.08,299
Roseana Sarney,0,SET,Sensus,PFL,2002,0.08,299
Itamar Franco,0,SET,Sensus,PMDB,2002,0.08,299
Eneás,0,SET,Sensus,Prona,2002,0.08,299
Lula,0.36,SET,Datafolha,PT,2002,0.02,0.3
José Serra,0.12,SET,Datafolha,PSDB,2002,0.02,0.3
Anthony Garotinho,0.1,SET,Datafolha,PSB,2002,0.02,0.3
Ciro Gomes,0.08,SET,Datafolha,PPS,2002,0.02,0.3
FHC,0,SET,Datafolha,PSDB,2002,0.02,0.3
Roseana Sarney,0,SET,Datafolha,PFL,2002,0.02,0.3
Itamar Franco,0,SET,Datafolha,PMDB,2002,0.02,0.3
Eneás,0,SET,Datafolha,Prona,2002,0.02,0.3
Lula,0.34,SET,IBOPE,PT,2002,0.04,0.3
José Serra,0.13,SET,IBOPE,PSDB,2002,0.04,0.3
Anthony Garotinho,0.1,SET,IBOPE,PSB,2002,0.04,0.3
Ciro Gomes,0.09,SET,IBOPE,PPS,2002,0.04,0.3
FHC,0,SET,IBOPE,PSDB,2002,0.04,0.3
Roseana Sarney,0,SET,IBOPE,PFL,2002,0.04,0.3
Itamar Franco,0,SET,IBOPE,PMDB,2002,0.04,0.3
Eneás,0,SET,IBOPE,Prona,2002,0.04,0.3
Lula,0.35,SET,Datafolha,PT,2002,0.03,0.31
José Serra,0.12,SET,Datafolha,PSDB,2002,0.03,0.31
Anthony Garotinho,0.09,SET,Datafolha,PSB,2002,0.03,0.31
Ciro Gomes,0.09,SET,Datafolha,PPS,2002,0.03,0.31
FHC,0,SET,Datafolha,PSDB,2002,0.03,0.31
Roseana Sarney,0,SET,Datafolha,PFL,2002,0.03,0.31
Itamar Franco,0,SET,Datafolha,PMDB,2002,0.03,0.31
Eneás,0,SET,Datafolha,Prona,2002,0.03,0.31
Lula,0.32,SET,IBOPE,PT,2002,0.05,0.27
José Serra,0.14,SET,IBOPE,PSDB,2002,0.05,0.27
Anthony Garotinho,0.1,SET,IBOPE,PSB,2002,0.05,0.27
Ciro Gomes,0.1,SET,IBOPE,PPS,2002,0.05,0.27
FHC,0,SET,IBOPE,PSDB,2002,0.05,0.27
Roseana Sarney,0,SET,IBOPE,PFL,2002,0.05,0.27
Itamar Franco,0,SET,IBOPE,PMDB,2002,0.05,0.27
Eneás,0,SET,IBOPE,Prona,2002,0.05,0.27
Lula,0.35,SET,IBOPE,PT,2002,0.05,0.3
José Serra,0.13,SET,IBOPE,PSDB,2002,0.05,0.3
Anthony Garotinho,0.09,SET,IBOPE,PSB,2002,0.05,0.3
Ciro Gomes,0.08,SET,IBOPE,PPS,2002,0.05,0.3
FHC,0,SET,IBOPE,PSDB,2002,0.05,0.3
Roseana Sarney,0,SET,IBOPE,PFL,2002,0.05,0.3
Itamar Franco,0,SET,IBOPE,PMDB,2002,0.05,0.3
Eneás,0,SET,IBOPE,Prona,2002,0.05,0.3
Lula,0.29,SET,Datafolha,PT,2002,0.03,0.38
José Serra,0.11,SET,Datafolha,PSDB,2002,0.03,0.38
Anthony Garotinho,0.07,SET,Datafolha,PSB,2002,0.03,0.38
Ciro Gomes,0.1,SET,Datafolha,PPS,2002,0.03,0.38
FHC,0,SET,Datafolha,PSDB,2002,0.03,0.38
Roseana Sarney,0,SET,Datafolha,PFL,2002,0.03,0.38
Itamar Franco,0,SET,Datafolha,PMDB,2002,0.03,0.38
Eneás,0,SET,Datafolha,Prona,2002,0.03,0.38
Lula,299,SET,IBOPE,PT,2002,,382
José Serra,107,SET,IBOPE,PSDB,2002,,382
Anthony Garotinho,94,SET,IBOPE,PSB,2002,,382
Ciro Gomes,127,SET,IBOPE,PPS,2002,,382
FHC,0,SET,IBOPE,PSDB,2002,,382
Roseana Sarney,0,SET,IBOPE,PFL,2002,,382
Itamar Franco,0,SET,IBOPE,PMDB,2002,,382
Eneás,0,SET,IBOPE,Prona,2002,,382
Lula,0.26,SET,Datafolha,PT,2002,0.05,0.39
José Serra,0.1,SET,Datafolha,PSDB,2002,0.05,0.39
Anthony Garotinho,0.07,SET,Datafolha,PSB,2002,0.05,0.39
Ciro Gomes,0.12,SET,Datafolha,PPS,2002,0.05,0.39
FHC,0,SET,Datafolha,PSDB,2002,0.05,0.39
Roseana Sarney,0,SET,Datafolha,PFL,2002,0.05,0.39
Itamar Franco,0,SET,Datafolha,PMDB,2002,0.05,0.39
Eneás,0,SET,Datafolha,Prona,2002,0.05,0.39
Lula,0.26,AGO,Sensus,PT,2002,0.03,0.41
José Serra,0.1,AGO,Sensus,PSDB,2002,0.03,0.41
Anthony Garotinho,0.05,AGO,Sensus,PSB,2002,0.03,0.41
Ciro Gomes,0.13,AGO,Sensus,PPS,2002,0.03,0.41
FHC,0,AGO,Sensus,PSDB,2002,0.03,0.41
Roseana Sarney,0,AGO,Sensus,PFL,2002,0.03,0.41
Itamar Franco,0,AGO,Sensus,PMDB,2002,0.03,0.41
Eneás,0,AGO,Sensus,Prona,2002,0.03,0.41
Lula,264,AGO,IBOPE,PT,2002,,398
José Serra,94,AGO,IBOPE,PSDB,2002,,398
Anthony Garotinho,59,AGO,IBOPE,PSB,2002,,398
Ciro Gomes,171,AGO,IBOPE,PPS,2002,,398
FHC,0,AGO,IBOPE,PSDB,2002,,398
Roseana Sarney,0,AGO,IBOPE,PFL,2002,,398
Itamar Franco,0,AGO,IBOPE,PMDB,2002,,398
Eneás,0,AGO,IBOPE,Prona,2002,,398
Lula,0.24,AGO,Datafolha,PT,2002,0.07,0.42
José Serra,0.05,AGO,Datafolha,PSDB,2002,0.07,0.42
Anthony Garotinho,0.05,AGO,Datafolha,PSB,2002,0.07,0.42
Ciro Gomes,0.16,AGO,Datafolha,PPS,2002,0.07,0.42
FHC,0,AGO,Datafolha,PSDB,2002,0.07,0.42
Roseana Sarney,0,AGO,Datafolha,PFL,2002,0.07,0.42
Itamar Franco,0,AGO,Datafolha,PMDB,2002,0.07,0.42
Eneás,0,AGO,Datafolha,Prona,2002,0.07,0.42
Lula,0.25,AGO,Sensus,PT,2002,0.03,0.41
José Serra,0.06,AGO,Sensus,PSDB,2002,0.03,0.41
Anthony Garotinho,0.06,AGO,Sensus,PSB,2002,0.03,0.41
Ciro Gomes,0.18,AGO,Sensus,PPS,2002,0.03,0.41
FHC,0,AGO,Sensus,PSDB,2002,0.03,0.41
Roseana Sarney,0,AGO,Sensus,PFL,2002,0.03,0.41
Itamar Franco,0,AGO,Sensus,PMDB,2002,0.03,0.41
Eneás,0,AGO,Sensus,Prona,2002,0.03,0.41
Lula,258,AGO,IBOPE,PT,2002,,403
José Serra,73,AGO,IBOPE,PSDB,2002,,403
Anthony Garotinho,62,AGO,IBOPE,PSB,2002,,403
Ciro Gomes,0.19,AGO,IBOPE,PPS,2002,,403
FHC,0,AGO,IBOPE,PSDB,2002,,403
Roseana Sarney,0,AGO,IBOPE,PFL,2002,,403
Itamar Franco,0,AGO,IBOPE,PMDB,2002,,403
Eneás,0,AGO,IBOPE,Prona,2002,,403
Lula,0.22,AGO,Datafolha,PT,2002,0.06,0.42
José Serra,0.07,AGO,Datafolha,PSDB,2002,0.06,0.42
Anthony Garotinho,0.06,AGO,Datafolha,PSB,2002,0.06,0.42
Ciro Gomes,0.17,AGO,Datafolha,PPS,2002,0.06,0.42
FHC,0,AGO,Datafolha,PSDB,2002,0.06,0.42
Roseana Sarney,0,AGO,Datafolha,PFL,2002,0.06,0.42
Itamar Franco,0,AGO,Datafolha,PMDB,2002,0.06,0.42
Eneás,0,AGO,Datafolha,Prona,2002,0.06,0.42
Lula,0.28,AGO,Sensus,PT,2002,,0.3
José Serra,0.08,AGO,Sensus,PSDB,2002,,0.3
Anthony Garotinho,0.05,AGO,Sensus,PSB,2002,,0.3
Ciro Gomes,0.23,AGO,Sensus,PPS,2002,,0.3
FHC,0,AGO,Sensus,PSDB,2002,,0.3
Roseana Sarney,0,AGO,Sensus,PFL,2002,,0.3
Itamar Franco,0,AGO,Sensus,PMDB,2002,,0.3
Eneás,0,AGO,Sensus,Prona,2002,,0.3
Lula,0.22,AGO,IBOPE,PT,2002,0.06,0.42
José Serra,0.05,AGO,IBOPE,PSDB,2002,0.06,0.42
Anthony Garotinho,0.05,AGO,IBOPE,PSB,2002,0.06,0.42
Ciro Gomes,0.19,AGO,IBOPE,PPS,2002,0.06,0.42
FHC,0,AGO,IBOPE,PSDB,2002,0.06,0.42
Roseana Sarney,0,AGO,IBOPE,PFL,2002,0.06,0.42
Itamar Franco,0,AGO,IBOPE,PMDB,2002,0.06,0.42
Eneás,0,AGO,IBOPE,Prona,2002,0.06,0.42
Lula,0.27,AGO,Vox Populi,PT,2002,0.06,0.28
José Serra,0.09,AGO,Vox Populi,PSDB,2002,0.06,0.28
Anthony Garotinho,0.07,AGO,Vox Populi,PSB,2002,0.06,0.28
Ciro Gomes,0.22,AGO,Vox Populi,PPS,2002,0.06,0.28
FHC,0,AGO,Vox Populi,PSDB,2002,0.06,0.28
Roseana Sarney,0,AGO,Vox Populi,PFL,2002,0.06,0.28
Itamar Franco,0,AGO,Vox Populi,PMDB,2002,0.06,0.28
Eneás,0,AGO,Vox Populi,Prona,2002,0.06,0.28
Lula,267,JUL,IBOPE,PT,2002,0.07,412
José Serra,72,JUL,IBOPE,PSDB,2002,0.07,412
Anthony Garotinho,67,JUL,IBOPE,PSB,2002,0.07,412
Ciro Gomes,171,JUL,IBOPE,PPS,2002,0.07,412
FHC,0,JUL,IBOPE,PSDB,2002,0.07,412
Roseana Sarney,0,JUL,IBOPE,PFL,2002,0.07,412
Itamar Franco,0,JUL,IBOPE,PMDB,2002,0.07,412
Eneás,0,JUL,IBOPE,Prona,2002,0.07,412
Lula,0.23,JUL,Vox Populi,PT,2002,0.04,0.42
José Serra,0.06,JUL,Vox Populi,PSDB,2002,0.04,0.42
Anthony Garotinho,0.04,JUL,Vox Populi,PSB,2002,0.04,0.42
Ciro Gomes,0.18,JUL,Vox Populi,PPS,2002,0.04,0.42
FHC,0,JUL,Vox Populi,PSDB,2002,0.04,0.42
Roseana Sarney,0,JUL,Vox Populi,PFL,2002,0.04,0.42
Itamar Franco,0,JUL,Vox Populi,PMDB,2002,0.04,0.42
Eneás,0,JUL,Vox Populi,Prona,2002,0.04,0.42
Lula,0.23,JUL,Sensus,PT,2002,0.06,0.42
José Serra,0.07,JUL,Sensus,PSDB,2002,0.06,0.42
Anthony Garotinho,0.06,JUL,Sensus,PSB,2002,0.06,0.42
Ciro Gomes,0.16,JUL,Sensus,PPS,2002,0.06,0.42
FHC,0,JUL,Sensus,PSDB,2002,0.06,0.42
Roseana Sarney,0,JUL,Sensus,PFL,2002,0.06,0.42
Itamar Franco,0,JUL,Sensus,PMDB,2002,0.06,0.42
Eneás,0,JUL,Sensus,Prona,2002,0.06,0.42
Lula,0.21,JUL,Datafolha,PT,2002,0.06,0.47
José Serra,0.05,JUL,Datafolha,PSDB,2002,0.06,0.47
Anthony Garotinho,0.05,JUL,Datafolha,PSB,2002,0.06,0.47
Ciro Gomes,0.15,JUL,Datafolha,PPS,2002,0.06,0.47
FHC,0,JUL,Datafolha,PSDB,2002,0.06,0.47
Roseana Sarney,0,JUL,Datafolha,PFL,2002,0.06,0.47
Itamar Franco,0,JUL,Datafolha,PMDB,2002,0.06,0.47
Eneás,0,JUL,Datafolha,Prona,2002,0.06,0.47
Lula,0.27,JUL,IBOPE,PT,2002,0.08,0.32
José Serra,0.08,JUL,IBOPE,PSDB,2002,0.08,0.32
Anthony Garotinho,0.06,JUL,IBOPE,PSB,2002,0.08,0.32
Ciro Gomes,0.19,JUL,IBOPE,PPS,2002,0.08,0.32
FHC,0,JUL,IBOPE,PSDB,2002,0.08,0.32
Roseana Sarney,0,JUL,IBOPE,PFL,2002,0.08,0.32
Itamar Franco,0,JUL,IBOPE,PMDB,2002,0.08,0.32
Eneás,0,JUL,IBOPE,Prona,2002,0.08,0.32
Lula,0.21,JUL,Vox Populi,PT,2002,0.06,0.46
José Serra,0.07,JUL,Vox Populi,PSDB,2002,0.06,0.46
Anthony Garotinho,0.06,JUL,Vox Populi,PSB,2002,0.06,0.46
Ciro Gomes,0.13,JUL,Vox Populi,PPS,2002,0.06,0.46
FHC,0,JUL,Vox Populi,PSDB,2002,0.06,0.46
Roseana Sarney,0,JUL,Vox Populi,PFL,2002,0.06,0.46
Itamar Franco,0,JUL,Vox Populi,PMDB,2002,0.06,0.46
Eneás,0,JUL,Vox Populi,Prona,2002,0.06,0.46
Lula,245,JUN,IBOPE,PT,2002,29,435
José Serra,111,JUN,IBOPE,PSDB,2002,29,435
Anthony Garotinho,68,JUN,IBOPE,PSB,2002,29,435
Ciro Gomes,68,JUN,IBOPE,PPS,2002,29,435
FHC,0,JUN,IBOPE,PSDB,2002,29,435
Roseana Sarney,0,JUN,IBOPE,PFL,2002,29,435
Itamar Franco,0,JUN,IBOPE,PMDB,2002,29,435
Eneás,0,JUN,IBOPE,Prona,2002,29,435
Lula,0.26,JUN,Datafolha,PT,2002,0.07,0.44
José Serra,0.08,JUN,Datafolha,PSDB,2002,0.07,0.44
Anthony Garotinho,0.06,JUN,Datafolha,PSB,2002,0.07,0.44
Ciro Gomes,0.05,JUN,Datafolha,PPS,2002,0.07,0.44
FHC,0.01,JUN,Datafolha,PSDB,2002,0.07,0.44
Roseana Sarney,0.01,JUN,Datafolha,PFL,2002,0.07,0.44
Itamar Franco,0,JUN,Datafolha,PMDB,2002,0.07,0.44
Eneás,0.01,JUN,Datafolha,Prona,2002,0.07,0.44
Lula,0.24,JUN,Sensus,PT,2002,0.08,0.47
José Serra,0.07,JUN,Sensus,PSDB,2002,0.08,0.47
Anthony Garotinho,0.06,JUN,Sensus,PSB,2002,0.08,0.47
Ciro Gomes,0.04,JUN,Sensus,PPS,2002,0.08,0.47
FHC,0.01,JUN,Sensus,PSDB,2002,0.08,0.47
Roseana Sarney,0,JUN,Sensus,PFL,2002,0.08,0.47
Itamar Franco,0,JUN,Sensus,PMDB,2002,0.08,0.47
Eneás,0.01,JUN,Sensus,Prona,2002,0.08,0.47
Lula,0.25,JUN,IBOPE,PT,2002,0.05,0.48
José Serra,0.08,JUN,IBOPE,PSDB,2002,0.05,0.48
Anthony Garotinho,0.06,JUN,IBOPE,PSB,2002,0.05,0.48
Ciro Gomes,0.05,JUN,IBOPE,PPS,2002,0.05,0.48
FHC,0.01,JUN,IBOPE,PSDB,2002,0.05,0.48
Roseana Sarney,0,JUN,IBOPE,PFL,2002,0.05,0.48
Itamar Franco,0,JUN,IBOPE,PMDB,2002,0.05,0.48
Eneás,0,JUN,IBOPE,Prona,2002,0.05,0.48
Lula,0.29,MAI,IBOPE,PT,2002,0.07,0.41
José Serra,0.1,MAI,IBOPE,PSDB,2002,0.07,0.41
Anthony Garotinho,0.07,MAI,IBOPE,PSB,2002,0.07,0.41
Ciro Gomes,0.04,MAI,IBOPE,PPS,2002,0.07,0.41
FHC,0,MAI,IBOPE,PSDB,2002,0.07,0.41
Roseana Sarney,0,MAI,IBOPE,PFL,2002,0.07,0.41
Itamar Franco,0,MAI,IBOPE,PMDB,2002,0.07,0.41
Eneás,0.01,MAI,IBOPE,Prona,2002,0.07,0.41
Lula,0.27,MAI,Vox Populi,PT,2002,0.05,0.46
José Serra,0.06,MAI,Vox Populi,PSDB,2002,0.05,0.46
Anthony Garotinho,0.06,MAI,Vox Populi,PSB,2002,0.05,0.46
Ciro Gomes,0.05,MAI,Vox Populi,PPS,2002,0.05,0.46
FHC,0,MAI,Vox Populi,PSDB,2002,0.05,0.46
Roseana Sarney,0,MAI,Vox Populi,PFL,2002,0.05,0.46
Itamar Franco,0,MAI,Vox Populi,PMDB,2002,0.05,0.46
Eneás,0,MAI,Vox Populi,Prona,2002,0.05,0.46
Lula,245,ABR,Sensus,PT,2002,37,475
José Serra,73,ABR,Sensus,PSDB,2002,37,475
Anthony Garotinho,76,ABR,Sensus,PSB,2002,37,475
Ciro Gomes,42,ABR,Sensus,PPS,2002,37,475
FHC,0,ABR,Sensus,PSDB,2002,37,475
Roseana Sarney,22,ABR,Sensus,PFL,2002,37,475
Itamar Franco,0,ABR,Sensus,PMDB,2002,37,475
Eneás,0,ABR,Sensus,Prona,2002,37,475
Lula,0.2,ABR,Datafolha,PT,2002,0.09,0.48
José Serra,0.06,ABR,Datafolha,PSDB,2002,0.09,0.48
Anthony Garotinho,0.06,ABR,Datafolha,PSB,2002,0.09,0.48
Ciro Gomes,0.04,ABR,Datafolha,PPS,2002,0.09,0.48
FHC,0.01,ABR,Datafolha,PSDB,2002,0.09,0.48
Roseana Sarney,0.02,ABR,Datafolha,PFL,2002,0.09,0.48
Itamar Franco,0,ABR,Datafolha,PMDB,2002,0.09,0.48
Eneás,0,ABR,Datafolha,Prona,2002,0.09,0.48
Lula,0.18,ABR,Sensus,PT,2002,0.07,0.5
José Serra,0.07,ABR,Sensus,PSDB,2002,0.07,0.5
Anthony Garotinho,0.06,ABR,Sensus,PSB,2002,0.07,0.5
Ciro Gomes,0.03,ABR,Sensus,PPS,2002,0.07,0.5
FHC,0.01,ABR,Sensus,PSDB,2002,0.07,0.5
Roseana Sarney,0.05,ABR,Sensus,PFL,2002,0.07,0.5
Itamar Franco,0,ABR,Sensus,PMDB,2002,0.07,0.5
Eneás,0,ABR,Sensus,Prona,2002,0.07,0.5
Lula,192,MAR,IBOPE,PT,2002,76,452
José Serra,74,MAR,IBOPE,PSDB,2002,76,452
Anthony Garotinho,63,MAR,IBOPE,PSB,2002,76,452
Ciro Gomes,48,MAR,IBOPE,PPS,2002,76,452
FHC,0,MAR,IBOPE,PSDB,2002,76,452
Roseana Sarney,74,MAR,IBOPE,PFL,2002,76,452
Itamar Franco,6,MAR,IBOPE,PMDB,2002,76,452
Eneás,0,MAR,IBOPE,Prona,2002,76,452
Lula,0.13,MAR,GPP,PT,2002,0.09,0.53
José Serra,0.06,MAR,GPP,PSDB,2002,0.09,0.53
Anthony Garotinho,0.05,MAR,GPP,PSB,2002,0.09,0.53
Ciro Gomes,0.03,MAR,GPP,PPS,2002,0.09,0.53
FHC,0.02,MAR,GPP,PSDB,2002,0.09,0.53
Roseana Sarney,0.07,MAR,GPP,PFL,2002,0.09,0.53
Itamar Franco,0.01,MAR,GPP,PMDB,2002,0.09,0.53
Eneás,0.01,MAR,GPP,Prona,2002,0.09,0.53
Lula,0.2,MAR,Sensus,PT,2002,0.08,36
José Serra,0.11,MAR,Sensus,PSDB,2002,0.08,36
Anthony Garotinho,0.05,MAR,Sensus,PSB,2002,0.08,36
Ciro Gomes,0.04,MAR,Sensus,PPS,2002,0.08,36
FHC,0.01,MAR,Sensus,PSDB,2002,0.08,36
Roseana Sarney,0.11,MAR,Sensus,PFL,2002,0.08,36
Itamar Franco,0.01,MAR,Sensus,PMDB,2002,0.08,36
Eneás,0.01,MAR,Sensus,Prona,2002,0.08,36
Lula,0.15,FEV,Datafolha,PT,2002,0.07,0.51
José Serra,0.03,FEV,Datafolha,PSDB,2002,0.07,0.51
Anthony Garotinho,0.05,FEV,Datafolha,PSB,2002,0.07,0.51
Ciro Gomes,0.02,FEV,Datafolha,PPS,2002,0.07,0.51
FHC,0.02,FEV,Datafolha,PSDB,2002,0.07,0.51
Roseana Sarney,0.1,FEV,Datafolha,PFL,2002,0.07,0.51
Itamar Franco,13,FEV,Datafolha,PMDB,2002,0.07,0.51
Eneás,0,FEV,Datafolha,Prona,2002,0.07,0.51
Lula,0.15,JAN,Datafolha,PT,2002,0.09,0.55
José Serra,0.02,JAN,Datafolha,PSDB,2002,0.09,0.55
Anthony Garotinho,0.05,JAN,Datafolha,PSB,2002,0.09,0.55
Ciro Gomes,0.02,JAN,Datafolha,PPS,2002,0.09,0.55
FHC,0.03,JAN,Datafolha,PSDB,2002,0.09,0.55
Roseana Sarney,0.06,JAN,Datafolha,PFL,2002,0.09,0.55
Itamar Franco,0,JAN,Datafolha,PMDB,2002,0.09,0.55
Eneás,0,JAN,Datafolha,Prona,2002,0.08,0.55
Lula,0.16,JAN,Sensus,PT,2002,0.08,0.55
José Serra,0,JAN,Sensus,PSDB,2002,0.08,0.55
Anthony Garotinho,0.04,JAN,Sensus,PSB,2002,0.08,0.55
Ciro Gomes,0.03,JAN,Sensus,PPS,2002,0.08,0.55
FHC,0.03,JAN,Sensus,PSDB,2002,0.08,0.55
Roseana Sarney,0.05,JAN,Sensus,PFL,2002,0.08,0.55
Itamar Franco,0.01,JAN,Sensus,PMDB,2002,0.08,0.55
Eneás,0,JAN,Sensus,Prona,2002,0.08,0.55